Date;Hour;Down;Up;Total;max Rate;avg Rate;avg Rate values;95% Rate
 20:00;20;4.852;5.179;10.031;1141;688;3;1141
 23:00;23;36.510;32.066;68.576;1447;454;19;1447
2016-07-19 21:00;21;47.527;51.972;99.499;1844;453;41;714
2016-07-20 14:00;14;51.024;65.977;117.001;1689;439;51;845
2016-07-20 14:00;14;51.024;65.977;117.001;1689;439;51;845
2016-07-20 14:00;14;51.024;65.977;117.001;1689;439;51;845
2016-07-20 14:00;14;51.024;65.977;117.001;1689;439;51;845
2016-07-20 14:00;14;51.024;65.977;117.001;1689;439;51;845
2016-07-21 13:00;13;144.273;119.388;263.661;3037;521;89;926
2016-07-21 20:00;20;17.334;14.569;31.903;522;421;14;522
2016-07-21 21:00;21;530.024;378.766;908.790;36080;1451;141;3499
2016-07-21 22:00;22;99.003;93.628;192.631;1721;415;82;910
2016-07-21 23:00;23;2712.459;885.153;3597.612;148933;2042;354;2854
2016-07-22 00:00;0;132050.017;5418.885;137468.902;1414965;61921;474;402765
2016-07-22 01:00;1;353.642;387.190;740.832;11079;449;321;442
2016-07-22 02:00;2;331.903;322.519;654.422;3479;378;323;451
2016-07-22 03:00;3;365.380;337.141;702.521;5285;412;327;477
2016-07-22 04:00;4;340.275;329.841;670.116;3756;398;322;426
2016-07-22 05:00;5;1459.566;12936.912;14396.478;1098454;7237;333;1742
2016-07-22 06:00;6;338.515;327.787;666.302;3147;390;331;471
2016-07-22 07:00;7;414.806;360.524;775.330;16304;474;320;451
2016-07-22 08:00;8;455.859;350.716;806.575;9487;478;330;523
2016-07-22 09:00;9;443.240;386.164;829.404;15639;506;329;509
2016-07-22 10:00;10;1244.165;547.088;1791.253;147944;1316;296;1413
2016-07-22 12:00;12;787.214;294.675;1081.889;34507;1088;212;1698
2016-07-22 13:00;13;423.970;577.136;1001.106;5910;619;299;2666
2016-07-22 14:00;14;306.359;296.057;602.416;2995;362;276;413
2016-07-22 15:00;15;315.725;316.084;631.809;2238;379;284;501
2016-07-22 16:00;16;319.624;325.841;645.465;2618;390;288;501
2016-07-22 17:00;17;318.580;323.189;641.769;3616;405;281;501
2016-07-22 18:00;18;312.322;314.659;626.981;2927;388;278;501
2016-07-22 19:00;19;316.850;323.937;640.787;1420;397;270;502
2016-07-22 20:00;20;315.735;324.645;640.380;1595;389;276;502
2016-07-22 21:00;21;314.268;325.665;639.933;1878;389;289;501
2016-07-22 22:00;22;167.758;167.696;335.454;10421;505;133;514
2016-07-25 19:00;19;253.656;242.236;495.892;4222;376;220;438
2016-07-25 20:00;20;303.150;292.193;595.343;1908;368;262;426
2016-07-25 21:00;21;332.182;288.768;620.950;1248;379;263;551
2016-07-25 22:00;22;305.719;287.202;592.921;2279;372;260;467
2016-07-25 23:00;23;314.129;294.401;608.530;3253;372;275;426
2016-07-26 00:00;0;306.346;294.192;600.538;3040;367;281;426
2016-07-26 01:00;1;307.787;291.734;599.521;3453;365;285;413
2016-07-26 02:00;2;308.790;290.507;599.297;3092;363;282;426
2016-07-26 03:00;3;309.109;295.871;604.980;3292;365;292;413
2016-07-26 04:00;4;307.963;293.522;601.485;3096;359;284;413
2016-07-26 05:00;5;305.562;289.199;594.761;3485;362;280;413
2016-07-26 06:00;6;305.031;292.813;597.844;3158;363;279;413
2016-07-26 07:00;7;127.715;117.095;244.810;3158;396;72;426
2016-07-26 08:00;8;69.237;58.515;127.752;3202;1269;3;3202
2016-07-26 09:00;9;68.035;60.997;129.032;2514;1418;2;2514
2016-07-26 10:00;10;67.967;60.185;128.152;3210;3210;1;3210
2016-07-26 11:00;11;67.964;60.250;128.214;1558;1214;2;1558
2016-07-26 12:00;12;67.742;59.203;126.945;3179;3179;1;3179
2016-07-26 13:00;13;67.642;58.031;125.673;1811;1811;1;1811
2016-07-26 14:00;14;66.870;58.220;125.090;1807;1570;2;1807
2016-07-26 15:00;15;67.637;58.306;125.943;1641;1641;1;1641
2016-07-26 16:00;16;5057.014;1673.266;6730.280;263290;4020;377;14631
2016-07-26 17:00;17;4170.999;1074.848;5245.847;181465;2873;420;9802
2016-07-26 18:00;18;340.277;288.982;629.259;2110;377;288;519
2016-07-26 19:00;19;334.535;286.961;621.496;1712;380;274;482
2016-07-26 20:00;20;331.157;287.008;618.165;1742;376;269;481
2016-07-26 21:00;21;331.121;286.251;617.372;2008;378;259;457
2016-07-26 22:00;22;334.854;286.354;621.208;2666;386;267;472
2016-07-26 23:00;23;335.134;285.846;620.980;3152;380;281;470
2016-07-27 00:00;0;332.750;285.953;618.703;1872;374;288;429
2016-07-27 01:00;1;333.115;285.308;618.423;3173;375;294;429
2016-07-27 02:00;2;332.677;284.222;616.899;1533;369;290;429
2016-07-27 03:00;3;332.269;283.681;615.950;1856;364;282;429
2016-07-27 04:00;4;333.719;285.932;619.651;1856;372;287;429
2016-07-27 05:00;5;332.997;284.041;617.038;2921;374;289;429
2016-07-27 06:00;6;334.072;285.455;619.527;3127;384;283;429
2016-07-27 07:00;7;333.324;288.462;621.786;2037;377;290;429
2016-07-27 08:00;8;277.180;237.783;514.963;739;368;245;429
2016-07-27 09:00;9;311.487;268.662;580.149;753;370;273;429
2016-07-27 10:00;10;333.008;286.523;619.531;1784;373;291;429
2016-07-27 11:00;11;330.255;286.127;616.382;2689;375;286;429
2016-07-27 12:00;12;330.864;286.852;617.716;2418;374;284;416
2016-07-27 13:00;13;332.254;283.275;615.529;2438;379;284;429
2016-07-27 14:00;14;331.266;286.919;618.185;1909;374;277;429
2016-07-27 15:00;15;333.306;285.558;618.864;3180;377;285;429
2016-07-27 16:00;16;331.877;286.670;618.547;3598;378;277;416
2016-07-27 17:00;17;330.395;286.121;616.516;1784;373;285;429
2016-07-27 18:00;18;331.110;283.480;614.590;1536;370;283;429
2016-07-27 19:00;19;328.607;280.971;609.578;1941;368;273;454
2016-07-27 20:00;20;327.185;282.187;609.372;1924;385;267;476
2016-07-27 21:00;21;326.006;283.504;609.510;2668;381;260;491
2016-07-27 22:00;22;328.080;281.791;609.871;2054;375;268;476
2016-07-27 23:00;23;340.819;286.795;627.614;3481;387;282;454
2016-07-28 00:00;0;337.717;287.087;624.804;2958;373;290;429
2016-07-28 01:00;1;335.827;284.103;619.930;2181;373;288;429
2016-07-28 02:00;2;337.021;286.994;624.015;3118;380;292;429
2016-07-28 03:00;3;338.223;286.834;625.057;2193;381;294;429
2016-07-28 04:00;4;337.398;285.365;622.763;1672;370;286;429
2016-07-28 05:00;5;337.448;286.347;623.795;1245;377;291;429
2016-07-28 06:00;6;334.979;283.913;618.892;2513;370;286;429
2016-07-28 07:00;7;336.209;284.268;620.477;3125;377;289;429
2016-07-28 08:00;8;331.842;278.933;610.775;3675;390;276;441
2016-07-28 09:00;9;341.487;290.762;632.249;3248;389;288;660
2016-07-28 10:00;10;333.655;287.839;621.494;3497;375;288;429
2016-07-28 11:00;11;333.804;288.576;622.380;3822;379;282;422
2016-07-28 12:00;12;334.470;288.455;622.925;3540;377;282;429
2016-07-28 13:00;13;334.505;285.665;620.170;2867;369;284;429
2016-07-28 14:00;14;519.324;295.097;814.421;4456;525;294;1361
2016-07-28 15:00;15;1023.708;315.263;1338.971;2007;874;317;1403
2016-07-28 16:00;16;330.753;286.822;617.575;2034;373;287;430
2016-07-28 17:00;17;331.894;287.094;618.988;1502;371;282;454
2016-07-28 18:00;18;330.561;285.552;616.113;1243;375;284;440
2016-07-28 19:00;19;139.179;116.732;255.911;2553;389;114;559
2016-09-19 21:00;21;27.937;39.710;67.647;1756;542;26;1243
2017-01-03 18:00;18;1920.345;1138.376;3058.721;19568;10517;68;16742
2017-02-16 18:00;18;198.239;45.446;243.685;9334;5006;12;9334
2017-01-03 18:00;18;323.440;36.131;359.571;8717;6419;13;8717
2017-02-16 18:00;18;6872.290;4499.144;11371.434;22661;9529;278;16442
2017-02-16 19:00;19;12532.772;8112.282;20645.054;965894;8221;581;16843
2017-02-16 20:00;20;2069.832;15903.047;17972.879;137754;5751;725;24715
2017-02-16 21:00;21;1633.767;5106.109;6739.876;185016;2983;533;6255
2017-02-16 22:00;22;1032.845;4844.460;5877.305;157443;4464;306;23148
2017-02-16 23:00;23;446.942;2082.679;2529.621;159341;3988;129;4762
2017-02-17 00:00;0;716.222;263.912;980.134;80767;1562;124;3629
2017-02-17 01:00;1;351.607;245.763;597.370;7037;691;142;1058
2017-02-17 02:00;2;352.480;245.931;598.411;6242;682;139;1029
2017-02-17 03:00;3;351.798;244.886;596.684;4907;705;135;1200
2017-02-17 04:00;4;457.734;273.593;731.327;14510;945;139;3046
2017-02-17 05:00;5;355.127;249.055;604.182;5746;724;136;2334
2017-02-17 06:00;6;431.587;254.748;686.335;7470;841;140;2636
2017-02-17 07:00;7;339.672;242.894;582.566;6569;679;138;1284
2017-02-17 08:00;8;343.105;248.502;591.607;6317;719;136;1943
2017-02-17 09:00;9;31782.568;1591.339;33373.907;878926;38430;189;109487
2017-02-17 10:00;10;22864.596;3929.633;26794.229;159486;17167;357;63597
2017-02-17 14:00;14;42890.538;13031.355;55921.893;1210865;41220;323;144854
2017-02-17 15:00;15;12424.907;8615.349;21040.256;164793;7213;679;29761
2017-02-17 16:00;16;29733.591;27666.990;57400.581;405888;34262;400;203123
2017-02-17 18:00;18;46469.600;11417.251;57886.851;1388834;25946;531;72346
2017-02-17 19:00;19;2928.764;1370.575;4299.339;154599;1426;709;2398
2017-02-17 20:00;20;3094.095;16480.150;19574.245;179454;5331;844;21050
2017-02-17 21:00;21;2634.623;13624.093;16258.716;186588;4550;843;20899
2017-02-17 22:00;22;2402.195;6062.373;8464.568;129244;2306;844;3692
2017-02-17 23:00;23;2454.048;1604.358;4058.406;11719;1131;844;1661
2017-02-18 00:00;0;2201.779;4071.744;6273.523;171872;1766;844;1434
2017-02-18 01:00;1;1974.313;1419.904;3394.217;4372;944;844;1369
2017-02-18 02:00;2;1971.985;1416.738;3388.723;2692;942;843;1376
2017-02-18 03:00;3;1970.739;1419.721;3390.460;4373;942;844;1357
2017-02-18 04:00;4;2417.970;11721.212;14139.182;123154;5006;660;52589
2017-02-20 09:00;9;672.753;55.888;728.641;175438;90886;2;175438
2017-02-20 14:00;14;94919.164;11070.090;105989.254;1887809;31484;806;117436
2017-02-20 15:00;15;363.875;230.059;593.934;38319;2515;71;7639
2017-02-20 14:00;14;4.051;9.638;13.689;3411;3411;1;3411
2017-02-20 15:00;15;0.000;0.000;0.000;1;0;0;0
2017-02-20 14:00;14;4.159;3.976;8.135;2028;2028;1;2028
2017-02-20 15:00;15;8302.044;1885.119;10187.163;317522;4768;470;7799
2017-02-20 16:00;16;40404.511;5136.251;45540.762;1763638;18986;588;16827
2017-02-20 17:00;17;23013.294;6623.844;29637.138;825192;10549;625;18607
2017-02-20 18:00;18;2835.531;6595.541;9431.072;144289;4362;507;20132
2017-02-20 19:00;19;2817.250;1214.938;4032.188;158051;2082;438;4654
2017-02-20 20:00;20;2539.256;1173.277;3712.533;97464;1886;439;4454
2017-02-20 21:00;21;965.354;548.230;1513.584;81197;1125;264;2481
2017-02-20 22:00;22;923.128;604.000;1527.128;30897;1014;300;1457
2017-02-20 23:00;23;1369.459;761.766;2131.225;56799;1338;334;3571
2017-02-21 00:00;0;571.888;543.128;1115.016;25045;676;292;1167
2017-02-21 01:00;1;565.012;537.923;1102.935;24329;671;284;1247
2017-02-21 02:00;2;907.077;575.671;1482.748;42661;945;310;1093
2017-02-21 03:00;3;1476.872;670.153;2147.025;141902;1456;315;1379
2017-02-21 04:00;4;404.839;405.321;810.160;4376;574;236;982
2017-02-21 05:00;5;860.576;492.681;1353.257;28919;1007;263;4067
2017-02-21 06:00;6;829.425;460.100;1289.525;31299;1030;247;2444
2017-02-21 07:00;7;993.316;610.073;1603.389;33873;1154;286;2281
2017-02-21 08:00;8;548.851;409.206;958.057;33688;723;241;925
2017-02-21 09:00;9;883.875;452.838;1336.713;34076;1063;255;1914
2017-02-21 10:00;10;405.774;432.367;838.141;4205;575;254;1029
2017-02-21 11:00;11;982.035;426.839;1408.874;50066;1194;215;2168
2017-02-21 12:00;12;869.685;511.885;1381.570;48198;1010;248;3103
2017-02-21 13:00;13;836.260;471.753;1308.013;30706;896;273;2126
2017-02-21 14:00;14;74652.633;11558.136;86210.769;1287513;49607;411;199814
2017-02-21 15:00;15;13861.007;3536.022;17397.029;341424;11803;315;70202
2017-02-21 16:00;16;149437.063;94975.289;244412.352;2060597;93947;605;535722
2017-02-21 17:00;17;119233.730;8047.254;127280.984;979503;37851;798;153824
2017-02-21 18:00;18;1436.569;1559.638;2996.207;14478;1336;493;5189
2017-02-21 19:00;19;1202.857;790.155;1993.012;34500;1257;328;4973
2017-02-21 20:00;20;737.888;620.308;1358.196;10277;879;275;2997
2017-02-21 21:00;21;1127.836;685.676;1813.512;72929;1345;272;4396
2017-02-21 22:00;22;518.796;528.168;1046.964;7082;680;255;1568
2017-02-21 23:00;23;573.721;590.039;1163.760;10041;826;240;3007
2017-02-22 00:00;0;539.369;531.809;1071.178;8141;754;239;2635
2017-02-22 01:00;1;541.777;525.934;1067.711;12019;685;254;1669
2017-02-22 02:00;2;767.019;443.455;1210.474;80061;1460;151;4003
2017-02-22 03:00;3;434.588;410.449;845.037;11032;827;161;2625
2017-02-22 04:00;4;620.181;826.328;1446.509;67316;1064;270;2070
2017-02-22 05:00;5;505.216;484.218;989.434;10210;830;206;2503
2017-02-22 06:00;6;640.232;432.307;1072.539;48111;1195;161;3254
2017-02-22 07:00;7;428.287;422.550;850.837;7058;825;153;2351
2017-02-22 08:00;8;421.444;400.617;822.061;8059;861;145;3085
2017-02-22 09:00;9;16680.594;3127.429;19808.023;577011;15503;286;82028
2017-02-22 10:00;10;95284.777;3430.945;98715.722;1698725;34652;671;118734
2017-02-22 11:00;11;14264.617;3659.026;17923.643;788515;4981;844;5803
2017-02-22 12:00;12;222964.526;20930.983;243895.509;2706812;66913;843;345959
2017-02-22 13:00;13;847189.593;85982.307;933171.900;4265738;258608;844;997999
2017-02-22 14:00;14;642160.122;404053.185;1046213.307;3890962;291297;843;914125
2017-02-22 15:00;15;1002448.707;126313.704;1128762.411;2213121;313552;842;865187
2017-02-22 16:00;16;1237411.633;203035.065;1440446.698;4565354;402943;843;1433350
2017-02-22 17:00;17;868232.842;94144.116;962376.958;2068227;266587;844;972979
2017-02-22 18:00;18;317751.680;51548.922;369300.602;3018879;101378;845;353169
2017-02-22 19:00;19;465767.921;57600.719;523368.640;1178725;144836;845;443171
2017-02-22 20:00;20;324616.546;52511.838;377128.384;882756;104916;844;304462
2017-02-22 21:00;21;808362.703;69123.155;877485.858;2170458;241078;844;913992
2017-02-22 22:00;22;415133.250;63434.258;478567.508;2052688;132287;844;282798
2017-02-22 23:00;23;140600.435;74132.095;214732.530;1413524;58063;846;196671
2017-02-23 00:00;0;24924.957;13781.406;38706.363;162818;10842;845;27137
2017-02-23 01:00;1;28053.242;19524.891;47578.133;645475;13033;846;27946
2017-02-23 02:00;2;19425.991;12665.650;32091.641;98946;8894;846;18183
2017-02-23 03:00;3;30804.370;13109.828;43914.198;333958;12262;845;27045
2017-02-23 04:00;4;19399.540;12363.790;31763.330;336651;8887;846;20337
2017-02-23 05:00;5;19190.370;14118.267;33308.637;424788;9316;846;18844
2017-02-23 06:00;6;18471.778;12100.245;30572.023;216401;8410;843;18040
2017-02-23 07:00;7;220014.847;24375.421;244390.268;3590297;67993;846;223323
2017-02-23 08:00;8;1399593.774;92897.804;1492491.578;4260426;417401;844;2070722
2017-02-23 09:00;9;1510509.637;90628.421;1601138.058;6006739;440993;845;1828573
2017-02-23 10:00;10;751703.539;80814.465;832518.004;2551466;239977;814;813167
                                                                       2017-02-23 15:00;15;0.000;0.000;0.000;30;0;0;0
2017-02-23 11:00;11;2.626;1.762;4.388;1093;1093;1;1093
2017-02-23 15:00;15;176.836;113.519;290.355;4682;1134;58;2272
2017-02-23 11:00;11;380.223;18.441;398.664;99372;99372;1;99372
2017-02-23 15:00;15;700.044;508.543;1208.587;4825;1052;274;2050
2017-02-23 16:00;16;13293.707;40817.369;54111.076;621079;46012;290;279414
2017-02-24 09:00;9;12763.853;2266.520;15030.373;995985;7912;463;10151
2017-02-24 10:00;10;9830.158;3264.574;13094.732;387497;3755;844;3905
2017-02-24 11:00;11;16591.189;3299.924;19891.113;366780;5581;845;4892
2017-02-24 12:00;12;2642.486;1696.773;4339.259;27831;1213;844;2595
2017-02-24 13:00;13;95278.904;6058.381;101337.285;796002;28834;841;151649
2017-02-24 14:00;14;55497.538;14714.716;70212.254;923725;18817;844;86798
2017-02-24 15:00;15;59172.787;5639.144;64811.931;1215029;18029;842;20579
2017-02-24 16:00;16;19892.087;37446.097;57338.184;1011885;16856;795;57672
2017-02-24 17:00;17;81441.550;5937.516;87379.066;2214690;23769;840;116665
2017-02-24 18:00;18;4576.378;2019.089;6595.467;121041;1796;844;4184
2017-02-24 19:00;19;2843.081;1822.755;4665.836;23012;1289;843;2636
2017-02-24 20:00;20;2584.635;1610.548;4195.183;15751;1161;844;2443
2017-02-24 21:00;21;4335.608;22343.801;26679.409;208895;7395;843;62065
2017-02-24 22:00;22;4947.131;9383.877;14331.008;208662;3997;844;16874
2017-02-24 23:00;23;2812.316;3119.686;5932.002;116142;1628;843;3005
2017-02-25 00:00;0;2484.263;1607.518;4091.781;15539;1134;843;2190
2017-02-25 01:00;1;1944.933;1406.186;3351.119;4040;933;844;1368
2017-02-25 02:00;2;1954.589;1406.006;3360.595;2976;934;844;1370
2017-02-25 03:00;3;2172.594;5110.519;7283.113;102500;2033;844;1533
2017-02-25 04:00;4;2091.067;3573.915;5664.982;163811;1609;843;1380
2017-02-25 05:00;5;1963.119;1415.387;3378.506;3090;940;844;1374
2017-02-25 06:00;6;1953.041;1412.808;3365.849;3942;936;844;1362
2017-02-25 07:00;7;1963.111;1417.675;3380.786;3773;939;844;1348
2017-02-25 08:00;8;1945.886;1400.700;3346.586;3738;931;844;1353
2017-02-25 09:00;9;1955.620;1406.922;3362.542;3913;934;845;1354
2017-02-25 10:00;10;1953.258;1408.595;3361.853;2845;934;844;1381
2017-02-25 11:00;11;1928.728;1390.253;3318.981;2585;922;844;1373
2017-02-25 12:00;12;1958.141;1414.490;3372.631;3784;938;843;1352
2017-02-25 13:00;13;1948.416;1406.413;3354.829;3458;932;844;1352
2017-02-25 14:00;14;2055.411;2916.207;4971.618;121703;1408;844;1382
2017-02-25 15:00;15;1958.012;1407.954;3365.966;2820;934;845;1355
2017-02-25 16:00;16;2099.875;3343.786;5443.661;97208;1545;844;1394
2017-02-25 17:00;17;1955.648;1414.776;3370.424;2642;937;844;1369
2017-02-25 18:00;18;1958.869;1407.758;3366.627;3973;936;844;1352
2017-02-25 19:00;19;1951.533;1409.487;3361.020;3815;935;844;1380
2017-02-25 20:00;20;1935.844;1442.966;3378.810;3792;940;844;1393
2017-02-25 21:00;21;1947.802;1433.825;3381.627;3314;938;845;1367
2017-02-25 22:00;22;1963.007;1443.873;3406.880;2843;946;844;1362
2017-02-25 23:00;23;1954.707;1433.704;3388.411;2698;943;844;1356
2017-02-26 00:00;0;1956.463;1411.706;3368.169;4003;936;845;1354
2017-02-26 01:00;1;2585.770;8956.754;11542.524;86655;3217;844;1459
2017-02-26 02:00;2;1972.302;1425.273;3397.575;3987;946;843;1393
2017-02-26 03:00;3;1958.059;1412.229;3370.288;3965;937;844;1354
2017-02-26 04:00;4;1968.427;1428.251;3396.678;3758;944;845;1354
2017-02-26 05:00;5;1955.744;1408.240;3363.984;3678;937;843;1372
2017-02-26 06:00;6;1948.814;1422.027;3370.841;3091;939;842;1378
2017-02-26 07:00;7;2119.035;1203.746;3322.781;123161;1127;691;1392
2017-02-26 08:00;8;2225.338;2248.933;4474.271;121910;1510;707;1422
2017-02-26 09:00;9;2269.385;5790.440;8059.825;125790;2236;843;1434
2017-02-26 10:00;10;1965.230;1418.226;3383.456;2718;939;845;1351
2017-02-26 11:00;11;1944.941;1402.817;3347.758;3908;932;843;1376
2017-02-26 12:00;12;2314.265;5725.190;8039.455;222807;2235;843;1418
2017-02-26 13:00;13;1924.981;1385.804;3310.785;4003;920;844;1359
2017-02-26 14:00;14;1946.496;1400.419;3346.915;4020;931;844;1354
2017-02-26 15:00;15;1940.298;1398.085;3338.383;3886;927;844;1353
2017-02-26 16:00;16;1931.546;1394.767;3326.313;3926;924;844;1355
2017-02-26 17:00;17;1938.061;1389.632;3327.693;3990;925;842;1367
2017-02-26 18:00;18;1935.691;1398.727;3334.418;3108;927;844;1340
2017-02-26 19:00;19;1954.352;1410.327;3364.679;4015;935;844;1329
2017-02-26 20:00;20;1949.543;1403.746;3353.289;3932;933;843;1356
2017-02-26 21:00;21;1956.582;1414.237;3370.819;3119;937;844;1354
2017-02-26 22:00;22;1957.245;1419.873;3377.118;2581;939;844;1381
2017-02-26 23:00;23;2019.301;1408.252;3427.553;22048;955;843;1353
2017-02-27 00:00;0;1958.222;1409.828;3368.050;3690;936;844;1356
2017-02-27 01:00;1;1701.478;1231.252;2932.730;3811;934;731;1381
2017-02-27 02:00;2;2310.654;1343.691;3654.345;120792;1111;774;1366
2017-02-27 03:00;3;1982.960;1435.031;3417.991;3359;949;844;1381
2017-02-27 04:00;4;2371.033;6696.827;9067.860;113480;2580;844;1456
2017-02-27 05:00;5;1969.741;1423.366;3393.107;3898;943;844;1378
2017-02-27 06:00;6;1977.075;1431.054;3408.129;5605;947;844;1356
2017-02-27 07:00;7;1957.629;1412.950;3370.579;2935;937;843;1352
2017-02-27 08:00;8;1955.152;1413.101;3368.253;3948;935;844;1353
2017-02-27 09:00;9;73612.247;5069.350;78681.597;1285154;21720;841;54194
2017-02-27 10:00;10;40977.808;14316.677;55294.485;551421;15611;843;78160
2017-02-27 11:00;11;34680.496;6359.959;41040.455;418702;11598;843;70783
2017-02-27 12:00;12;3281.036;2823.351;6104.387;15772;1704;844;4262
2017-02-27 13:00;13;28375.259;4969.923;33345.182;287260;9295;843;38129
2017-02-27 14:00;14;33359.985;4739.373;38099.358;1332153;10810;840;29283
2017-02-27 15:00;15;54455.368;5509.471;59964.839;1058258;16812;844;33238
2017-02-27 16:00;16;42274.924;5725.891;48000.815;1534489;13945;809;58403
2017-02-27 17:00;17;21158.040;3509.410;24667.450;101073;6895;840;19953
2017-02-27 18:00;18;2582.923;1324.567;3907.490;126054;1318;687;2498
2017-02-27 19:00;19;2506.711;1574.155;4080.866;26859;1140;844;2037
2017-02-27 20:00;20;2432.431;1564.522;3996.953;6447;1106;844;2148
2017-02-27 21:00;21;2309.433;1525.718;3835.151;4076;1070;840;2044
2017-02-27 22:00;22;2278.255;1503.404;3781.659;4236;1051;844;1646
2017-02-27 23:00;23;2360.819;1518.536;3879.355;6304;1077;843;1678
2017-02-28 00:00;0;2434.235;1490.552;3924.787;4305;1092;844;2491
2017-02-28 01:00;1;2473.707;1492.070;3965.777;4525;1103;843;2680
2017-02-28 02:00;2;2424.289;1498.902;3923.191;4332;1089;845;2125
2017-02-28 03:00;3;2322.081;1485.689;3807.770;4170;1058;844;1597
2017-02-28 04:00;4;2421.878;1483.334;3905.212;4710;1086;844;2178
2017-02-28 05:00;5;2406.704;1492.178;3898.882;4085;1085;843;2122
2017-02-28 06:00;6;2422.185;1479.049;3901.234;4118;1085;843;2403
2017-02-28 07:00;7;2349.072;1468.238;3817.310;4152;1065;843;1658
2017-02-28 08:00;8;2335.515;1474.438;3809.953;4531;1062;844;1828
2017-02-28 09:00;9;16096.878;2765.470;18862.348;177498;5448;827;4099
2017-02-28 10:00;10;116481.346;12620.277;129101.623;664020;47706;642;109117
2017-02-28 11:00;11;37656.030;32871.241;70527.271;258393;27705;594;100275
2017-02-28 12:00;12;13584.518;2040.707;15625.225;684772;3954;841;2635
2017-02-28 13:00;13;29411.545;4131.155;33542.700;743101;9141;839;32015
2017-02-28 14:00;14;2000.825;1532.209;3533.034;8273;981;843;1394
2017-02-28 15:00;15;12645.069;7110.205;19755.274;227706;6866;681;27780
2017-02-28 16:00;16;73877.361;9947.586;83824.947;453777;23414;844;138927
2017-02-28 17:00;17;59065.895;7469.323;66535.218;416522;18737;843;76887
2017-02-28 18:00;18;1854.457;1492.286;3346.743;3615;947;822;1395
2017-02-28 19:00;19;2472.373;1728.962;4201.335;46488;1167;835;1552
2017-02-28 20:00;20;6912.833;2170.800;9083.633;96603;2568;825;5512
2017-02-28 21:00;21;2003.906;1578.353;3582.259;14991;1055;792;1672
2017-02-28 22:00;22;2247.390;1665.282;3912.672;19429;1084;840;1514
2017-02-28 23:00;23;2027.271;1447.259;3474.530;35439;973;839;1354
2017-03-01 00:00;0;1930.343;1432.380;3362.723;3909;939;839;1379
2017-03-01 01:00;1;2077.619;1169.214;3246.833;122046;1149;663;1387
2017-03-01 02:00;2;1986.577;1427.061;3413.638;3696;948;844;1379
2017-03-01 03:00;3;1968.617;1423.179;3391.796;3761;943;844;1382
2017-03-01 04:00;4;1970.996;1422.533;3393.529;3577;945;843;1356
2017-03-01 05:00;5;1993.974;1424.175;3418.149;12368;951;844;1355
2017-03-01 06:00;6;1964.205;1417.788;3381.993;3294;941;843;1343
2017-03-01 07:00;7;2081.993;1182.013;3264.006;121611;1148;667;1408
2017-03-01 08:00;8;2273.613;1390.010;3663.623;121935;1202;797;1382
2017-03-01 10:00;10;155661.013;6271.057;161932.070;618439;162863;233;434826
2017-03-01 11:00;11;30998.493;3458.504;34456.997;235750;12192;664;106324
2017-03-01 12:00;12;79.215;88.568;167.783;12746;2642;16;12746
2017-03-01 11:00;11;463.957;22.140;486.097;121087;121087;1;121087
2017-03-01 12:00;12;1252.386;262.696;1515.082;70244;5199;67;43034
2017-03-01 11:00;11;475.813;26.009;501.822;121536;62517;2;121536
2017-03-01 13:00;13;36266.609;4267.376;40533.985;1249022;15480;624;67223
2017-03-01 14:00;14;62974.919;6500.642;69475.561;981103;20047;841;86577
2017-03-01 15:00;15;147046.067;10235.732;157281.799;782402;44004;844;234370
2017-03-01 16:00;16;227707.037;8587.771;236294.808;1669959;64988;839;551140
2017-03-01 17:00;17;29080.837;2844.156;31924.993;608009;9337;800;40696
2017-03-01 18:00;18;2250.769;2869.648;5120.417;130848;1459;833;1467
2017-03-01 19:00;19;2748.751;1859.870;4608.621;33742;1278;843;2067
2017-03-01 20:00;20;2002.412;1466.794;3469.206;28742;1042;775;1485
2017-03-01 21:00;21;2089.399;1680.654;3770.053;17507;1051;837;1460
2017-03-01 22:00;22;2357.350;1672.991;4030.341;16337;1123;838;1599
2017-03-01 23:00;23;2574.280;1554.605;4128.885;90535;1159;842;1422
2017-03-02 00:00;0;2492.540;1688.240;4180.780;23104;1163;843;1612
2017-03-02 01:00;1;2227.190;1765.453;3992.643;31502;1113;843;1439
2017-03-02 02:00;2;2025.501;1473.773;3499.274;8851;973;844;1392
2017-03-02 03:00;3;2095.089;2384.950;4480.039;107444;1263;843;1394
2017-03-02 04:00;4;1995.481;1438.120;3433.601;5759;953;843;1389
2017-03-02 05:00;5;1526.705;1120.356;2647.061;4407;947;644;1378
2017-03-02 06:00;6;2498.965;1460.064;3959.029;79536;1060;843;1379
2017-03-02 07:00;7;1973.038;1435.674;3408.712;4880;945;845;1381
2017-03-02 08:00;8;1947.480;1438.391;3385.871;3914;942;843;1353
2017-03-02 09:00;9;41102.955;3619.435;44722.390;699536;12376;844;6276
2017-03-02 10:00;10;2576.679;1986.499;4563.178;12069;1267;844;1795
2017-03-02 11:00;11;5670.971;2072.525;7743.496;497829;2213;843;1995
2017-03-02 12:00;12;2424.848;1821.124;4245.972;14185;1186;842;1804
2017-03-02 13:00;13;7895.010;2547.540;10442.550;278391;2912;844;5650
2017-03-02 14:00;14;6959.410;2695.370;9654.780;173564;2659;843;5553
2017-03-02 15:00;15;8448.750;3725.370;12174.120;60480;3341;844;11690
2017-03-02 16:00;16;11039.808;3355.539;14395.347;144970;3971;843;12241
2017-03-02 17:00;17;10083.981;7411.298;17495.279;540353;4572;843;15523
2017-03-02 18:00;18;3155.234;1878.448;5033.682;14287;1394;843;4519
2017-03-02 19:00;19;2288.029;1537.699;3825.728;24863;1055;842;1412
2017-03-02 20:00;20;5564.481;1504.972;7069.453;122404;2505;659;7398
2017-03-02 21:00;21;2382.464;1591.438;3973.902;32641;1112;842;1486
2017-03-02 22:00;22;3807.477;1578.587;5386.064;174114;1808;684;3039
2017-03-02 23:00;23;3269.518;1947.276;5216.794;107819;1469;844;2647
2017-03-03 00:00;0;3215.635;1782.870;4998.505;26965;1381;843;3373
2017-03-03 01:00;1;2227.728;1322.180;3549.908;130774;1209;691;1431
2017-03-03 02:00;2;2136.816;1580.167;3716.983;7031;1033;844;1583
2017-03-03 03:00;3;2046.163;1507.246;3553.409;5610;989;843;1420
2017-03-03 04:00;4;2102.287;1546.127;3648.414;6845;1013;843;1434
2017-03-03 05:00;5;2053.736;1520.939;3574.675;7425;992;843;1420
2017-03-03 06:00;6;2107.482;1479.491;3586.973;23604;999;843;1368
2017-03-03 07:00;7;1661.591;1243.932;2905.523;20222;1014;650;1405
2017-03-03 08:00;8;3908.744;2135.595;6044.339;160692;1687;843;2066
2017-03-03 09:00;9;2732.405;1639.537;4371.942;69016;1231;843;1564
2017-03-03 10:00;10;3592.616;1679.839;5272.455;116615;1470;845;1914
2017-03-03 11:00;11;4136.232;1718.354;5854.586;402965;1657;842;1669
2017-03-03 12:00;12;7940.951;2084.305;10025.256;147851;2832;843;14235
2017-03-03 13:00;13;83490.904;5752.343;89243.247;1287269;24922;844;46789
2017-03-03 14:00;14;98450.269;6007.002;104457.271;1136706;29265;842;138701
2017-03-03 15:00;15;10699.983;2860.925;13560.908;114489;3724;843;14699
2017-03-03 16:00;16;8938.183;2516.903;11455.086;122294;3217;844;12604
2017-03-03 17:00;17;6681.968;3185.667;9867.635;139991;2834;821;8870
2017-03-03 18:00;18;6362.359;3755.743;10118.102;107950;2774;843;6896
2017-03-03 19:00;19;5140.459;3664.214;8804.673;66308;2437;843;5783
2017-03-03 20:00;20;4713.050;3148.296;7861.346;124866;2567;713;5947
2017-03-03 21:00;21;4635.485;3644.158;8279.643;14310;2298;844;6066
2017-03-03 22:00;22;4619.412;3442.916;8062.328;37694;2234;842;5824
2017-03-03 23:00;23;4740.560;3689.655;8430.215;21077;2341;844;6288
2017-03-04 00:00;0;4011.284;3196.726;7208.010;16598;1998;842;7748
2017-03-04 01:00;1;2251.781;1583.071;3834.852;15288;1071;844;1517
2017-03-04 02:00;2;2262.303;1614.786;3877.089;16291;1071;843;1569
2017-03-04 03:00;3;2148.068;1544.084;3692.152;11084;1026;844;1446
2017-03-04 04:00;4;2117.619;1517.885;3635.504;8172;1010;843;1414
2017-03-04 05:00;5;2214.574;1527.671;3742.245;21565;1041;844;1421
2017-03-04 06:00;6;2277.887;1488.424;3766.311;34555;1097;805;1432
2017-03-04 07:00;7;2393.893;1343.510;3737.403;121804;1244;708;1456
2017-03-04 08:00;8;2199.661;1520.312;3719.973;11920;1030;844;1429
2017-03-04 09:00;9;2089.312;1528.762;3618.074;9842;1009;843;1415
2017-03-04 10:00;10;3430.828;1489.664;4920.492;83167;1664;690;3658
2017-03-04 11:00;11;2261.938;1785.143;4047.081;20385;1130;843;1916
2017-03-04 12:00;12;2155.283;1624.185;3779.468;21665;1052;841;1477
2017-03-04 13:00;13;3609.535;2755.055;6364.590;23440;1762;843;6942
2017-03-04 14:00;14;3930.239;3104.314;7034.553;13213;1952;844;8766
2017-03-04 15:00;15;4008.013;3226.676;7234.689;29536;2022;843;9044
2017-03-04 16:00;16;3955.765;3121.599;7077.364;19551;1967;843;8904
2017-03-04 17:00;17;4189.439;4369.957;8559.396;186244;2398;843;8905
2017-03-04 18:00;18;4165.571;3448.472;7614.043;19921;2111;843;8739
2017-03-04 19:00;19;6035.913;5576.641;11612.554;55143;3225;844;10838
2017-03-04 20:00;20;4030.661;3426.616;7457.277;12581;2078;843;8265
2017-03-04 21:00;21;4275.311;3430.781;7706.092;27341;2151;843;8655
2017-03-04 22:00;22;4174.218;3439.325;7613.543;11885;2120;844;8706
2017-03-04 23:00;23;3804.485;2976.268;6780.753;12313;1882;843;8493
2017-03-05 00:00;0;6875.833;3709.177;10585.010;340686;2925;844;9567
2017-03-05 01:00;1;4049.692;3320.223;7369.915;11862;2045;843;8651
2017-03-05 02:00;2;4063.703;3325.522;7389.225;12255;2055;844;9277
2017-03-05 03:00;3;4058.178;3341.006;7399.184;12770;2054;843;8932
2017-03-05 04:00;4;4081.066;3339.844;7420.910;22736;2062;843;8948
2017-03-05 05:00;5;4016.816;3316.749;7333.565;13803;2040;844;9009
2017-03-05 06:00;6;4101.457;3349.071;7450.528;14815;2064;842;9226
2017-03-05 07:00;7;4359.420;3380.543;7739.963;53593;2157;844;9244
2017-03-05 08:00;8;4075.506;3834.010;7909.516;80097;2212;844;9005
2017-03-05 09:00;9;4204.688;3148.196;7352.884;129031;2286;755;8945
2017-03-05 10:00;10;4563.842;3437.460;8001.302;69735;2226;843;8981
2017-03-05 11:00;11;4149.615;3458.308;7607.923;14224;2118;843;8730
2017-03-05 12:00;12;4240.940;3541.037;7781.977;129287;2429;750;9374
2017-03-05 13:00;13;4020.155;3369.924;7390.079;12638;2058;842;8515
2017-03-05 14:00;14;3915.125;3211.375;7126.500;12323;1981;843;8312
2017-03-05 15:00;15;3897.532;2995.570;6893.102;23933;1926;844;8911
2017-03-05 16:00;16;3839.471;2981.126;6820.597;24328;1894;843;8695
2017-03-05 17:00;17;3844.553;3010.816;6855.369;11278;1902;843;8582
2017-03-05 18:00;18;4442.961;3522.662;7965.623;34685;2220;844;9009
2017-03-05 19:00;19;4174.724;3551.017;7725.741;13353;2148;843;8950
2017-03-05 20:00;20;4150.882;3089.097;7239.979;129916;2402;706;8420
2017-03-05 21:00;21;4672.779;3547.662;8220.441;166050;2561;756;8768
2017-03-05 22:00;22;5731.053;3696.902;9427.955;103320;2636;841;9581
2017-03-05 23:00;23;3915.680;2826.452;6742.132;87425;2085;757;9179
2017-03-06 00:00;0;3733.432;2969.420;6702.852;14679;1866;844;8875
2017-03-06 01:00;1;3694.716;2950.321;6645.037;12576;1845;843;8555
2017-03-06 02:00;2;3833.600;2988.025;6821.625;22300;1891;844;8714
2017-03-06 03:00;3;3711.543;2955.673;6667.216;11040;1858;843;8805
2017-03-06 04:00;4;3834.719;2703.753;6538.472;127956;2184;698;9138
2017-03-06 05:00;5;3719.082;2945.840;6664.922;12501;1846;844;8671
2017-03-06 06:00;6;3740.236;2972.154;6712.390;12840;1865;843;8821
2017-03-06 07:00;7;3853.667;2989.326;6842.993;16110;1905;843;8899
2017-03-06 08:00;8;4214.806;3235.504;7450.310;20652;2054;843;8705
2017-03-06 09:00;9;44192.597;74102.874;118295.471;620907;32661;843;150825
2017-03-06 10:00;10;45551.605;8592.586;54144.191;451877;14940;843;75760
2017-03-06 11:00;11;73132.564;9380.986;82513.550;715980;23168;843;141269
2017-03-06 12:00;12;38639.636;5791.276;44430.912;1090534;12248;843;13567
2017-03-06 13:00;13;76945.774;10726.545;87672.319;745415;23764;844;145290
2017-03-06 14:00;14;44672.758;7457.464;52130.222;543088;14765;843;83228
2017-03-06 15:00;15;7419.640;5258.315;12677.955;88405;3537;843;10936
2017-03-06 16:00;16;10087.609;5583.302;15670.911;309901;4403;843;11850
2017-03-06 17:00;17;75924.587;11257.696;87182.283;533096;24216;843;125705
2017-03-06 18:00;18;4146.807;3374.990;7521.797;25578;2093;843;8790
2017-03-06 19:00;19;3762.130;3156.613;6918.743;17239;1940;842;8746
2017-03-06 20:00;20;44689.238;58389.263;103078.501;982079;28599;843;271429
2017-03-06 21:00;21;5906.599;3016.217;8922.816;205256;2984;706;9734
2017-03-06 22:00;22;2207.992;1557.989;3765.981;21634;1052;843;1432
2017-03-06 23:00;23;2231.761;1703.516;3935.277;32122;1092;843;1523
2017-03-07 00:00;0;2449.234;1545.941;3995.175;91305;1114;841;1412
2017-03-07 01:00;1;2124.971;1545.110;3670.081;12529;1020;843;1453
2017-03-07 02:00;2;2012.371;1475.752;3488.123;9009;969;843;1396
2017-03-07 03:00;3;1988.567;1471.849;3460.416;6501;963;843;1418
2017-03-07 04:00;4;2047.222;1504.371;3551.593;8912;987;844;1421
2017-03-07 05:00;5;2202.462;2245.873;4448.335;132998;1246;841;1475
2017-03-07 06:00;6;2057.153;1486.544;3543.697;12611;985;843;1412
2017-03-07 07:00;7;2091.101;1521.781;3612.882;8925;1004;843;1417
2017-03-07 08:00;8;2061.049;1503.856;3564.905;9188;993;843;1412
2017-03-07 09:00;9;14228.237;3626.728;17854.965;414989;5091;843;22317
2017-03-07 10:00;10;12634.429;4479.835;17114.264;233924;4622;843;13550
2017-03-07 11:00;11;49973.938;6603.822;56577.760;1547831;15441;842;17910
2017-03-07 12:00;12;3669.909;3062.827;6732.736;71033;2080;732;5829
2017-03-07 13:00;13;12664.812;4906.189;17571.001;322104;4963;842;11762
2017-03-07 14:00;14;5977.626;4952.930;10930.556;79199;3029;843;8589
2017-03-07 15:00;15;47694.812;19220.694;66915.506;938804;18772;843;89854
2017-03-07 16:00;16;46789.725;5344.995;52134.720;265434;14548;842;40190
2017-03-07 17:00;17;51170.688;4930.838;56101.526;193392;15462;843;46429
2017-03-07 18:00;18;2677.695;1741.687;4419.382;54987;1236;843;1815
2017-03-07 19:00;19;2337.164;1688.051;4025.215;41173;1123;842;1586
2017-03-07 20:00;20;3045.119;1609.472;4654.591;121754;1597;692;2311
2017-03-07 21:00;21;2969.926;1814.444;4784.370;29705;1331;843;2259
2017-03-07 22:00;22;2236.838;1872.483;4109.321;48495;1145;843;1622
2017-03-07 23:00;23;2115.291;1607.430;3722.721;9939;1036;843;1462
2017-03-08 00:00;0;2155.017;1600.245;3755.262;10447;1047;843;1457
2017-03-08 01:00;1;2213.735;1581.240;3794.975;10516;1052;843;1433
2017-03-08 02:00;2;2072.543;1520.086;3592.629;10082;1000;842;1398
2017-03-08 03:00;3;2132.252;1548.514;3680.766;14623;1022;844;1417
2017-03-08 04:00;4;2077.164;1524.287;3601.451;11696;1000;843;1392
2017-03-08 05:00;5;2073.501;1513.374;3586.875;10600;1000;842;1378
2017-03-08 06:00;6;2369.391;1367.794;3737.185;108324;1249;702;1508
2017-03-08 07:00;7;2142.339;1567.340;3709.679;11017;1026;844;1427
2017-03-08 08:00;8;2099.845;1547.860;3647.705;9727;1010;842;1409
2017-03-08 09:00;9;2112.719;1563.343;3676.062;10910;1017;844;1437
2017-03-08 10:00;10;2153.209;1763.789;3916.998;23697;1080;843;1404
2017-03-08 11:00;11;2492.596;1356.769;3849.365;72699;1209;710;1644
2017-03-08 12:00;12;2105.824;1538.820;3644.644;13232;1011;843;1404
2017-03-08 13:00;13;4207.592;1543.707;5751.299;275574;1849;736;2490
2017-03-08 14:00;14;3111.090;1347.158;4458.248;121478;1624;646;2055
2017-03-08 15:00;15;3309.725;1745.953;5055.678;129485;1428;842;1744
2017-03-08 16:00;16;3427.895;1813.054;5240.949;41721;1467;843;2233
2017-03-08 17:00;17;2300.939;1616.148;3917.087;22681;1081;842;1459
2017-03-08 18:00;18;2533.155;2022.108;4555.263;41970;1269;843;2124
2017-03-08 19:00;19;2307.171;1659.610;3966.781;17345;1104;843;1598
2017-03-08 20:00;20;2074.608;1579.076;3653.684;8646;1016;843;1461
2017-03-08 21:00;21;2276.317;1605.088;3881.405;36465;1082;844;1506
2017-03-08 22:00;22;2132.487;1550.808;3683.295;8000;1017;842;1418
2017-03-08 23:00;23;2189.997;1600.816;3790.813;11425;1054;844;1456
2017-03-09 00:00;0;2241.231;1561.106;3802.337;44471;1062;843;1433
2017-03-09 01:00;1;2213.207;1573.343;3786.550;13671;1055;843;1473
2017-03-09 02:00;2;2122.066;1245.913;3367.979;120239;1199;656;1536
2017-03-09 03:00;3;2136.599;1572.255;3708.854;8227;1027;842;1434
2017-03-09 04:00;4;2209.967;1564.479;3774.446;16614;1043;844;1430
2017-03-09 05:00;5;2183.066;1562.837;3745.903;12154;1037;842;1405
2017-03-09 06:00;6;2233.754;1584.287;3818.041;34972;1068;843;1438
2017-03-09 07:00;7;2269.170;1540.343;3809.513;35287;1039;843;1412
2017-03-09 08:00;8;2195.716;1543.474;3739.190;21506;1029;843;1395
2017-03-09 09:00;9;2229.417;1715.158;3944.575;17734;1090;843;1498
2017-03-09 10:00;10;3660.667;1798.402;5459.069;55007;1551;843;1925
2017-03-09 11:00;11;2140.071;1666.014;3806.085;18800;1054;842;1467
2017-03-09 12:00;12;2306.022;1654.021;3960.043;17826;1107;844;1551
2017-03-09 13:00;13;36936.585;2374.070;39310.655;1262430;10581;843;3894
2017-03-09 14:00;14;14807.219;2230.382;17037.601;1146307;4395;840;2919
2017-03-09 15:00;15;1029033.231;19779.300;1048812.531;1710150;291822;842;1224127
2017-03-09 16:00;16;148285.966;5848.773;154134.739;1220048;42698;842;115715
2017-03-09 17:00;17;446687.296;14748.292;461435.588;1551598;127115;843;960084
2017-03-09 18:00;18;2596.667;1624.545;4221.212;95218;1181;842;1518
2017-03-09 19:00;19;2412.093;1679.218;4091.311;41426;1141;843;1679
2017-03-09 20:00;20;3489.697;1403.981;4893.678;126488;1726;672;2622
2017-03-09 21:00;21;2499.568;1564.155;4063.723;75519;1138;842;1416
2017-03-09 22:00;22;2294.569;1666.635;3961.204;20126;1100;843;1469
2017-03-09 23:00;23;3006.450;1975.681;4982.131;60081;1350;843;3320
2017-03-10 00:00;0;2447.701;1547.115;3994.816;91314;1114;843;1421
2017-03-10 01:00;1;2348.128;1604.897;3953.025;15772;1098;843;1624
2017-03-10 02:00;2;2102.747;1541.300;3644.047;9021;1013;843;1426
2017-03-10 03:00;3;2210.072;1553.193;3763.265;13093;1045;843;1437
2017-03-10 04:00;4;2084.210;1533.537;3617.747;8455;1008;843;1423
2017-03-10 05:00;5;2092.461;1538.437;3630.898;9751;1010;843;1417
2017-03-10 06:00;6;2174.839;1659.038;3833.877;30411;1069;842;1430
2017-03-10 07:00;7;2065.910;1529.127;3595.037;9250;1003;843;1418
2017-03-10 08:00;8;2265.006;1537.892;3802.898;48308;1063;843;1419
2017-03-10 09:00;9;3347.457;24854.785;28202.242;440189;7827;843;9725
2017-03-10 10:00;10;57676.661;49189.783;106866.444;1162592;30522;820;217212
2017-03-10 11:00;11;37861.406;3895.804;41757.210;836348;13879;720;46778
2017-03-10 12:00;12;2143.839;1575.534;3719.373;17077;1039;842;1415
2017-03-10 13:00;13;10400.657;2706.516;13107.173;335717;3132;841;6982
2017-03-10 14:00;14;24923.841;3508.381;28432.222;861738;8116;811;23423
2017-03-10 15:00;15;10449.846;2978.989;13428.835;530727;3806;843;5395
2017-03-10 16:00;16;57202.024;4174.970;61376.994;1211549;17130;843;19446
2017-03-10 17:00;17;3317.563;2188.714;5506.277;68587;1549;827;3300
2017-03-10 18:00;18;5482.974;1913.218;7396.192;169664;2171;808;2958
2017-03-10 19:00;19;2316.425;1867.659;4184.084;32418;1169;843;1653
2017-03-10 20:00;20;2298.131;1676.632;3974.763;15920;1106;843;1564
2017-03-10 21:00;21;2129.848;1574.916;3704.764;11121;1030;844;1494
2017-03-10 22:00;22;73325.686;4124.284;77449.970;983601;21950;840;109124
2017-03-10 23:00;23;77772.576;5652.414;83424.990;1398661;22764;842;19246
2017-03-11 00:00;0;2310.253;1914.367;4224.620;53978;1170;843;1644
2017-03-11 01:00;1;2275.035;1743.813;4018.848;39399;1125;843;1518
2017-03-11 02:00;2;2341.104;1631.906;3973.010;44508;1108;843;1503
2017-03-11 03:00;3;2121.526;1578.967;3700.493;10438;1023;843;1450
2017-03-11 04:00;4;2237.800;1562.278;3800.078;17112;1057;843;1421
2017-03-11 05:00;5;2198.602;1575.824;3774.426;10781;1045;843;1416
2017-03-11 06:00;6;2239.656;1577.663;3817.319;29059;1061;843;1440
2017-03-11 07:00;7;2957.017;2045.150;5002.167;133608;1396;843;1562
2017-03-11 08:00;8;2793.578;1784.155;4577.733;31921;1284;842;1787
2017-03-11 09:00;9;2101.885;1547.925;3649.810;8707;1010;843;1414
2017-03-11 10:00;10;2425.484;1637.930;4063.414;26235;1137;842;1439
2017-03-11 11:00;11;2148.974;1574.477;3723.451;10734;1034;843;1469
2017-03-11 12:00;12;2154.462;1541.544;3696.006;11430;1028;843;1407
2017-03-11 13:00;13;2254.891;1592.050;3846.941;18820;1071;842;1431
2017-03-11 14:00;14;2229.172;1575.641;3804.813;17839;1063;842;1453
2017-03-11 15:00;15;2124.507;1554.748;3679.255;8935;1022;843;1417
2017-03-11 16:00;16;2060.812;1511.690;3572.502;8090;994;842;1405
2017-03-11 17:00;17;2227.155;1936.793;4163.948;21643;1155;843;1434
2017-03-11 18:00;18;25009.008;2017.604;27026.612;483970;7607;843;1605
2017-03-11 19:00;19;2264.593;1326.625;3591.218;110537;1212;696;1482
2017-03-11 20:00;20;2346.792;1335.535;3682.327;125422;1270;676;1814
2017-03-11 21:00;21;2320.863;1356.939;3677.802;126285;1222;706;1467
2017-03-11 22:00;22;2234.157;1554.897;3789.054;34667;1057;842;1418
2017-03-11 23:00;23;15922.517;5140.504;21063.021;1141404;5243;842;10011
2017-03-12 00:00;0;2114.728;1557.287;3672.015;12285;1025;843;1419
2017-03-12 01:00;1;2088.280;1555.951;3644.231;10726;1011;843;1416
2017-03-12 02:00;2;3256.573;17195.442;20452.015;141160;5645;842;49044
2017-03-12 03:00;3;2230.333;1560.355;3790.688;21887;1057;843;1445
2017-03-12 04:00;4;1676.551;1426.754;3103.305;9642;918;784;1303
2017-03-12 05:00;5;2075.633;1542.747;3618.380;11602;1003;843;1404
2017-03-12 06:00;6;2213.965;1562.182;3776.147;11413;1048;843;1414
2017-03-12 07:00;7;2060.375;1518.729;3579.104;8897;998;843;1392
2017-03-12 08:00;8;2314.319;1586.580;3900.899;28822;1085;843;1438
2017-03-12 09:00;9;2088.887;1531.855;3620.742;10710;1004;842;1420
2017-03-12 10:00;10;80499.523;5031.706;85531.229;1837646;22381;842;9694
2017-03-12 11:00;11;4418.229;2557.781;6976.010;138682;1912;843;3582
2017-03-12 12:00;12;8098.414;7943.746;16042.160;36300;4442;842;19245
2017-03-12 13:00;13;2285.250;1611.091;3896.341;15568;1077;843;1449
2017-03-12 14:00;14;145005.591;112646.463;257652.054;141660;71719;840;127357
2017-03-12 15:00;15;46695.125;37081.856;83776.981;143061;23242;842;124424
2017-03-12 16:00;16;2671.689;4174.093;6845.782;140680;1931;842;3470
2017-03-12 17:00;17;2279.669;1710.225;3989.894;14138;1095;842;1485
2017-03-12 18:00;18;24915.833;2276.882;27192.715;1601461;7887;842;1508
2017-03-12 19:00;19;2051.812;1522.430;3574.242;9414;995;841;1447
2017-03-12 20:00;20;2094.483;1537.437;3631.920;7107;1006;842;1417
2017-03-12 21:00;21;2069.028;1524.672;3593.700;7652;999;843;1406
2017-03-12 22:00;22;2113.814;1558.572;3672.386;13998;1023;843;1426
2017-03-12 23:00;23;24142.574;2093.424;26235.998;1332299;7250;842;1566
2017-03-13 00:00;0;2440.889;1545.869;3986.758;94318;1117;843;1429
2017-03-13 01:00;1;2081.803;1544.443;3626.246;10940;1015;837;1417
2017-03-13 02:00;2;2579.030;1187.187;3766.217;126392;1676;526;3118
2017-03-13 03:00;3;24908.588;2324.098;27232.686;1755010;7976;843;1433
2017-03-13 04:00;4;2077.840;1521.999;3599.839;7679;998;843;1420
2017-03-13 05:00;5;2271.345;1562.198;3833.543;39340;1070;842;1452
2017-03-13 06:00;6;2153.371;1557.585;3710.956;20459;1033;842;1430
2017-03-13 07:00;7;2205.297;1535.399;3740.696;12092;1035;843;1427
2017-03-13 08:00;8;2069.393;1510.013;3579.406;10495;998;842;1399
2017-03-13 09:00;9;3591.292;2381.766;5973.058;28525;1663;843;4666
2017-03-13 10:00;10;51114.393;11034.220;62148.613;1260560;17377;801;50303
2017-03-13 11:00;11;29365.403;16138.731;45504.134;277777;12649;843;49517
2017-03-13 12:00;12;20040.323;7002.362;27042.685;363669;11564;544;46024
2017-03-13 13:00;13;3208.719;1288.662;4497.381;292757;2254;473;4725
2017-03-13 14:00;14;2339.149;1416.212;3755.361;128194;1266;704;1591
2017-03-13 15:00;15;20569.055;2628.380;23197.435;960615;6403;844;3180
2017-03-13 16:00;16;82980.863;5125.319;88106.182;1289865;24268;844;7023
2017-03-13 17:00;17;4305.183;4143.645;8448.828;105808;2274;843;6196
2017-03-13 18:00;18;2175.486;1474.175;3649.661;49802;1018;843;1411
2017-03-13 19:00;19;2188.834;1555.970;3744.804;35950;1044;844;1470
2017-03-13 20:00;20;3344.929;1920.262;5265.191;45287;1457;843;2510
2017-03-13 21:00;21;144394.626;9268.338;153662.964;988075;42353;844;442390
2017-03-13 22:00;22;22909.782;5930.549;28840.331;326200;7966;842;25048
2017-03-13 23:00;23;20738.559;5254.332;25992.891;648172;7317;844;16158
2017-03-14 00:00;0;2052.952;1501.340;3554.292;12109;988;844;1388
2017-03-14 01:00;1;2018.956;1469.566;3488.522;6766;970;844;1394
2017-03-14 02:00;2;1996.788;1459.307;3456.095;5909;961;844;1390
2017-03-14 03:00;3;1986.723;1438.235;3424.958;6267;951;844;1377
2017-03-14 04:00;4;2057.795;1478.108;3535.903;22247;986;843;1393
2017-03-14 05:00;5;2014.393;1468.526;3482.919;4293;966;844;1407
2017-03-14 06:00;6;1551.965;1153.286;2705.251;5963;953;653;1391
2017-03-14 07:00;7;2569.302;1504.261;4073.563;129125;1139;844;1419
2017-03-14 08:00;8;2040.841;1468.968;3509.809;11264;988;834;1417
2017-03-14 09:00;9;2201.963;1285.029;3486.992;85356;1158;708;1405
2017-03-14 10:00;10;11686.424;2298.814;13985.238;529322;3655;843;1694
2017-03-14 11:00;11;2084.010;1509.699;3593.709;10599;999;844;1415
2017-03-14 12:00;12;2514.428;3684.185;6198.613;125877;1728;844;3433
2017-03-14 13:00;13;2863.119;1844.703;4707.822;45317;1324;843;1662
2017-03-14 14:00;14;19528.287;3643.263;23171.550;275788;6642;844;28222
2017-03-14 15:00;15;5176.581;4592.340;9768.921;257110;2750;843;5807
2017-03-14 16:00;16;24987.153;3908.419;28895.572;1262858;7897;844;10633
2017-03-14 17:00;17;6684.901;4812.449;11497.350;225683;3215;843;8186
2017-03-14 18:00;18;2438.117;1727.461;4165.578;23297;1156;844;1591
2017-03-14 19:00;19;2040.325;1486.536;3526.861;6104;977;843;1391
2017-03-14 20:00;20;1994.275;1477.938;3472.213;7949;962;843;1399
2017-03-14 21:00;21;2001.673;1480.480;3482.153;6450;969;843;1395
2017-03-14 22:00;22;1963.825;1476.183;3440.008;3908;956;844;1374
2017-03-14 23:00;23;2060.178;1455.514;3515.692;12422;978;844;1387
2017-03-15 00:00;0;2206.244;1477.253;3683.497;47819;1028;843;1390
2017-03-15 01:00;1;2057.229;1505.278;3562.507;13763;993;842;1391
2017-03-15 02:00;2;2044.486;1489.716;3534.202;4703;983;843;1419
2017-03-15 03:00;3;2126.193;1538.449;3664.642;4851;1018;844;1578
2017-03-15 04:00;4;1762.804;1275.720;3038.524;6147;971;727;1417
2017-03-15 05:00;5;2390.175;1391.657;3781.832;131261;1151;776;1418
2017-03-15 06:00;6;2017.547;1439.954;3457.501;5450;962;843;1416
2017-03-15 07:00;7;2203.290;1478.485;3681.775;30563;1019;843;1418
2017-03-15 08:00;8;2399.731;4463.909;6863.640;134946;1933;843;1611
2017-03-15 09:00;9;95429.402;6186.651;101616.053;978235;28273;844;208078
2017-03-15 10:00;10;45993.339;4616.083;50609.422;692624;14257;843;34790
2017-03-15 11:00;11;13835.728;2969.329;16805.057;297670;4693;843;8232
2017-03-15 12:00;12;9758.137;2956.115;12714.252;352528;3495;844;5293
2017-03-15 13:00;13;4015.663;2823.697;6839.360;21212;1906;844;5458
2017-03-15 14:00;14;11837.885;3474.277;15312.162;142205;4496;784;18030
2017-03-15 15:00;15;5429.570;2469.839;7899.409;143221;2163;843;5239
2017-03-15 16:00;16;3280.743;1666.863;4947.606;89076;1338;844;1564
2017-03-15 17:00;17;41244.462;4173.364;45417.826;1388015;12679;843;15175
2017-03-15 18:00;18;10827.371;2807.153;13634.524;356482;3593;770;5623
2017-03-15 19:00;19;2131.108;1215.567;3346.675;128653;1212;643;1466
2017-03-15 20:00;20;1974.064;1427.761;3401.825;4462;946;844;1352
2017-03-15 21:00;21;1936.720;1395.476;3332.196;3881;927;843;1353
2017-03-15 22:00;22;1983.791;1426.608;3410.399;5692;948;844;1362
2017-03-15 23:00;23;2744.736;1776.639;4521.375;3631;1257;844;3113
2017-03-16 00:00;0;3787.629;2246.804;6034.433;7532;1679;843;3168
2017-03-16 01:00;1;3795.295;2265.216;6060.511;3735;1684;844;3174
2017-03-16 02:00;2;3799.756;2263.072;6062.828;4051;1685;844;3209
2017-03-16 03:00;3;3781.797;2259.324;6041.121;3854;1678;843;3153
2017-03-16 04:00;4;3833.054;2276.507;6109.561;6161;1697;844;3230
2017-03-16 05:00;5;3795.990;2272.397;6068.387;3802;1688;844;3177
2017-03-16 06:00;6;3990.869;2070.989;6061.858;129165;1887;757;3188
2017-03-16 07:00;7;3788.496;2273.377;6061.873;4075;1690;843;3188
2017-03-16 08:00;8;17156.150;2334.822;19490.972;607804;7814;601;28798
2017-03-16 10:00;10;0.000;0.000;0.000;69;0;0;0
2017-03-16 08:00;8;502.507;32.472;534.979;114275;66673;2;114275
2017-03-16 10:00;10;21385.134;3015.637;24400.771;361334;12813;440;53792
2017-03-16 11:00;11;36954.222;8710.966;45665.188;888709;12621;844;33927
2017-03-16 12:00;12;2153.478;1796.663;3950.141;152833;2871;375;4533
2017-03-16 16:00;16;2305.714;1203.252;3508.966;90756;1598;488;1943
2017-03-16 17:00;17;8691.337;2589.594;11280.931;380078;3130;845;5408
2017-03-16 18:00;18;54391.531;6056.004;60447.535;1400822;16761;843;17340
2017-03-16 19:00;19;34553.524;3171.326;37724.850;574827;10182;844;3112
2017-03-16 20:00;20;1973.405;1421.004;3394.409;6076;944;844;1351
2017-03-16 21:00;21;2047.001;1447.245;3494.246;19125;974;844;1404
2017-03-16 22:00;22;2105.840;1535.169;3641.009;37915;1014;841;1402
2017-03-16 23:00;23;1964.404;1449.637;3414.041;5530;950;844;1399
2017-03-17 00:00;0;2086.085;1481.887;3567.972;18018;994;844;1406
2017-03-17 01:00;1;1765.166;1325.618;3090.784;6047;928;778;1391
2017-03-17 02:00;2;1145.259;640.550;1785.809;73097;1081;371;1282
2017-03-17 03:00;3;967.400;897.277;1864.677;4903;751;552;1204
2017-03-17 04:00;4;1208.134;1036.834;2244.968;5201;785;655;1219
2017-03-17 05:00;5;1223.737;1121.027;2344.764;5043;724;749;1139
2017-03-17 06:00;6;918.626;889.134;1807.760;4313;664;607;1050
2017-03-17 07:00;7;645.015;689.032;1334.047;5029;616;462;970
2017-03-17 08:00;8;556.115;593.607;1149.722;4558;620;383;1088
2017-03-17 09:00;9;86373.092;3492.917;89866.009;1197295;25145;844;46660
2017-03-17 10:00;10;3472.022;1502.995;4975.017;241823;1353;844;1430
2017-03-17 11:00;11;1972.515;1441.855;3414.370;5529;950;844;1391
2017-03-17 12:00;12;2010.436;1454.283;3464.719;4179;961;844;1407
2017-03-17 13:00;13;2034.768;1475.373;3510.141;4489;976;843;1407
2017-03-17 14:00;14;1940.176;1408.001;3348.177;3684;940;834;1387
2017-03-17 15:00;15;1885.673;1374.634;3260.307;4718;932;816;1379
2017-03-17 16:00;16;1991.597;1341.285;3332.882;20884;1003;777;1390
2017-03-17 17:00;17;1961.142;1426.729;3387.871;3878;943;842;1390
2017-03-17 18:00;18;2627.599;1526.992;4154.591;57746;1166;844;1429
2017-03-17 19:00;19;1965.285;1423.084;3388.369;4225;941;844;1376
2017-03-17 20:00;20;1967.963;1435.518;3403.481;3133;946;843;1378
2017-03-17 21:00;21;1972.502;1428.134;3400.636;3364;945;844;1388
2017-03-17 22:00;22;1947.124;1412.914;3360.038;4906;940;838;1390
2017-03-17 23:00;23;2264.543;5046.005;7310.548;101440;2020;844;1458
2017-03-18 00:00;0;1954.562;1412.672;3367.234;3709;936;844;1385
2017-03-18 01:00;1;1951.093;1414.305;3365.398;2977;935;843;1361
2017-03-18 02:00;2;1957.196;1410.307;3367.503;4716;936;844;1380
2017-03-18 03:00;3;1972.108;1427.084;3399.192;3998;945;844;1392
2017-03-18 04:00;4;1996.363;1433.588;3429.951;8117;955;843;1385
2017-03-18 05:00;5;2113.608;1182.943;3296.551;77507;1067;675;1416
2017-03-18 06:00;6;2262.804;3734.149;5996.953;102984;1677;843;1415
2017-03-18 07:00;7;2149.801;1207.540;3357.341;128917;1128;697;1391
2017-03-18 08:00;8;1968.884;1425.424;3394.308;2716;943;843;1391
2017-03-18 09:00;9;1969.033;1424.635;3393.668;2971;941;844;1380
2017-03-18 10:00;10;1967.530;1422.932;3390.462;3917;943;844;1390
2017-03-18 11:00;11;1960.001;1415.408;3375.409;4579;938;843;1353
2017-03-18 12:00;12;1970.455;1424.913;3395.368;4237;943;844;1391
2017-03-18 13:00;13;1956.078;1416.076;3372.154;4256;939;843;1377
2017-03-18 14:00;14;1968.366;1420.102;3388.468;3261;942;844;1392
2017-03-18 15:00;15;1964.167;1422.067;3386.234;4713;941;844;1377
2017-03-18 16:00;16;2005.901;1106.468;3112.369;129638;1151;634;1353
2017-03-18 17:00;17;1961.102;1424.886;3385.988;4323;942;843;1389
2017-03-18 18:00;18;1952.848;1413.875;3366.723;2995;936;842;1352
2017-03-18 19:00;19;1954.079;1410.377;3364.456;3687;935;843;1367
2017-03-18 20:00;20;1950.593;1411.209;3361.802;3177;936;843;1376
2017-03-18 21:00;21;1959.046;1417.853;3376.899;4100;939;843;1390
2017-03-18 22:00;22;1957.014;1409.610;3366.624;4221;937;843;1382
2017-03-18 23:00;23;1944.573;1402.195;3346.768;4230;930;844;1371
2017-03-19 00:00;0;1951.511;1411.440;3362.951;4398;935;843;1350
2017-03-19 01:00;1;1955.510;1415.733;3371.243;4314;938;842;1353
2017-03-19 02:00;2;1964.180;1413.416;3377.596;4009;939;844;1352
2017-03-19 03:00;3;1887.910;1371.251;3259.161;4274;942;809;1353
2017-03-19 04:00;4;1898.242;1393.343;3291.585;2304;936;824;1367
2017-03-19 05:00;5;1955.376;1411.085;3366.461;4275;937;843;1378
2017-03-19 06:00;6;1946.059;1415.073;3361.132;4036;935;842;1380
2017-03-19 07:00;7;1958.348;1415.234;3373.582;4266;939;842;1353
2017-03-19 08:00;8;1960.730;1414.112;3374.842;4518;937;844;1376
2017-03-19 09:00;9;1945.001;1410.749;3355.750;4289;934;843;1351
2017-03-19 10:00;10;1948.844;1411.452;3360.296;4494;935;842;1353
2017-03-19 11:00;11;1959.242;1417.937;3377.179;3992;938;844;1377
2017-03-19 12:00;12;1963.015;1413.913;3376.928;2969;939;844;1388
2017-03-19 13:00;13;1956.161;1415.214;3371.375;4274;938;843;1364
2017-03-19 14:00;14;1953.179;1409.667;3362.846;2731;932;844;1352
2017-03-19 15:00;15;1947.722;1400.887;3348.609;4086;930;843;1377
2017-03-19 16:00;16;1951.269;1413.808;3365.077;4266;936;842;1377
2017-03-19 17:00;17;1958.805;1414.959;3373.764;3037;936;844;1378
2017-03-19 18:00;18;1947.454;1400.564;3348.018;3900;932;842;1369
2017-03-19 19:00;19;1948.749;1414.727;3363.476;4126;936;844;1390
2017-03-19 20:00;20;1918.297;1395.705;3314.002;4236;921;843;1341
2017-03-19 21:00;21;1948.401;1405.412;3353.813;4124;933;842;1345
2017-03-19 22:00;22;1956.115;1421.212;3377.327;4498;939;843;1389
2017-03-19 23:00;23;1963.413;1424.873;3388.286;4116;942;843;1391
2017-03-20 00:00;0;1962.296;1420.194;3382.490;2529;939;843;1352
2017-03-20 01:00;1;1742.987;1318.995;3061.982;4110;897;796;1352
2017-03-20 02:00;2;1963.904;1416.924;3380.828;4150;941;842;1352
2017-03-20 03:00;3;1968.854;1429.817;3398.671;2992;943;843;1388
2017-03-20 04:00;4;1963.430;1418.415;3381.845;4235;939;844;1350
2017-03-20 05:00;5;1959.670;1415.984;3375.654;4283;939;842;1379
2017-03-20 06:00;6;1956.850;1412.412;3369.262;4026;937;843;1406
2017-03-20 07:00;7;1960.390;1410.030;3370.420;4698;937;844;1354
2017-03-20 08:00;8;1961.550;1422.333;3383.883;3139;940;843;1351
2017-03-20 09:00;9;1958.237;1414.717;3372.954;4009;938;843;1390
2017-03-20 10:00;10;1592.792;1141.841;2734.633;4697;960;659;1391
2017-03-20 11:00;11;2419.875;1404.982;3824.857;129294;1125;800;1418
2017-03-20 12:00;12;1790.522;1057.079;2847.601;98420;1104;608;1393
2017-03-20 13:00;13;13291.425;3753.811;17045.236;575097;6099;667;10822
2017-03-20 14:00;14;6612.324;10419.169;17031.493;189163;5204;770;30840
2017-03-20 15:00;15;6099.745;2317.601;8417.346;137227;2307;843;3527
2017-03-20 16:00;16;6793.120;2664.472;9457.592;1091542;2718;842;1853
2017-03-20 17:00;17;2046.138;1499.920;3546.058;9209;988;843;1419
2017-03-20 18:00;18;2029.101;1499.159;3528.260;7609;978;844;1391
2017-03-20 19:00;19;56326.362;2224.565;58550.927;1604441;16316;841;51106
2017-03-20 20:00;20;156147.475;3455.248;159602.723;2450178;43948;843;56055
2017-03-20 21:00;21;2082.116;1526.796;3608.912;9660;1007;843;1419
2017-03-20 22:00;22;1939.067;1395.209;3334.276;4240;927;843;1352
2017-03-20 23:00;23;1796.559;1325.234;3121.793;9408;940;771;1392
2017-03-21 00:00;0;2122.116;1206.743;3328.859;130047;1130;692;1378
2017-03-21 01:00;1;2004.994;1460.849;3465.843;6732;961;844;1390
2017-03-21 02:00;2;1952.890;1405.471;3358.361;4646;936;842;1353
2017-03-21 03:00;3;1959.427;1415.740;3375.167;3662;936;844;1376
2017-03-21 04:00;4;1993.649;1450.779;3444.428;6930;958;844;1377
2017-03-21 05:00;5;1998.480;1438.866;3437.346;7353;954;844;1390
2017-03-21 06:00;6;2014.592;1471.648;3486.240;11304;971;844;1391
2017-03-21 07:00;7;3047.446;1465.440;4512.886;257857;1271;843;1405
2017-03-21 08:00;8;2376.925;1492.461;3869.386;40288;1053;844;1416
2017-03-21 09:00;9;2244.580;1461.626;3706.206;21104;1024;843;1391
2017-03-21 10:00;10;2078.861;1515.748;3594.609;19694;1001;842;1405
2017-03-21 11:00;11;2032.571;1583.139;3615.710;17230;1624;524;5174
2017-03-22 16:00;16;1214.604;891.671;2106.275;4796;988;501;1431
2017-03-22 17:00;17;1937.525;1406.870;3344.395;3365;930;843;1352
2017-03-22 18:00;18;1954.779;1424.369;3379.148;5369;939;844;1350
2017-03-22 19:00;19;1980.045;1478.381;3458.426;5303;963;843;1404
2017-03-22 20:00;20;1969.226;1482.930;3452.156;8220;962;843;1392
2017-03-22 21:00;21;1933.961;1430.812;3364.773;4744;936;843;1364
2017-03-22 22:00;22;1929.262;1408.855;3338.117;4700;927;844;1352
2017-03-22 23:00;23;1912.738;1388.509;3301.247;4744;930;832;1349
2017-03-23 00:00;0;1961.669;1408.515;3370.184;3482;934;844;1378
2017-03-23 01:00;1;2049.958;1437.896;3487.854;22946;971;844;1352
2017-03-23 02:00;2;1988.344;1433.630;3421.974;6433;952;844;1365
2017-03-23 03:00;3;1958.379;1423.318;3381.697;4205;941;843;1386
2017-03-23 04:00;4;1997.027;1462.260;3459.287;6234;961;844;1390
2017-03-23 05:00;5;1987.205;1449.020;3436.225;4817;954;844;1389
2017-03-23 06:00;6;1981.674;1433.553;3415.227;6278;951;842;1353
2017-03-23 07:00;7;2012.849;1449.669;3462.518;5159;961;844;1392
2017-03-23 08:00;8;1967.009;1437.688;3404.697;4524;947;844;1365
2017-03-23 09:00;9;1963.775;1422.333;3386.108;4207;939;844;1391
2017-03-23 10:00;10;2204.318;1468.874;3673.192;44907;1026;843;1385
2017-03-23 11:00;11;1966.807;1435.403;3402.210;5104;948;843;1364
2017-03-23 12:00;12;2136.558;1471.136;3607.694;11974;1007;843;1392
2017-03-23 13:00;13;1967.163;1436.498;3403.661;4895;944;844;1358
2017-03-23 14:00;14;2034.901;1527.431;3562.332;11998;990;844;1392
2017-03-23 15:00;15;2129.891;1567.595;3697.486;30162;1031;843;1406
2017-03-23 16:00;16;6010.908;2136.457;8147.365;82040;2241;844;7697
2017-03-23 17:00;17;4011.563;2842.782;6854.345;95052;1917;840;5430
2017-03-23 18:00;18;1950.059;1494.176;3444.235;5529;958;841;1385
2017-03-23 19:00;19;1967.189;1473.465;3440.654;6328;959;843;1383
2017-03-23 20:00;20;2867.080;1587.245;4454.325;62871;1234;842;1458
2017-03-23 21:00;21;2094.827;1498.586;3593.413;22918;998;844;1391
2017-03-23 22:00;22;1938.351;1434.442;3372.793;3336;937;842;1381
2017-03-23 23:00;23;1977.303;1617.655;3594.958;35216;1003;843;1392
2017-03-24 00:00;0;1977.592;1434.807;3412.399;4242;947;844;1379
2017-03-24 01:00;1;1999.435;1443.185;3442.620;7858;956;842;1378
2017-03-24 02:00;2;2010.975;1435.302;3446.277;7775;960;843;1390
2017-03-24 03:00;3;2081.056;1468.735;3549.791;21068;985;845;1391
2017-03-24 04:00;4;1976.798;1435.108;3411.906;4925;950;843;1353
2017-03-24 05:00;5;1990.635;1446.368;3437.003;5969;955;843;1375
2017-03-24 06:00;6;1990.685;1447.873;3438.558;5058;956;844;1375
2017-03-24 07:00;7;2084.715;1492.946;3577.661;11538;998;844;1392
2017-03-24 08:00;8;2005.010;1518.834;3523.844;10739;981;843;1367
2017-03-24 09:00;9;5568.424;2304.676;7873.100;301152;2178;843;2999
2017-03-24 10:00;10;26726.271;10884.738;37611.009;288731;10573;844;50163
2017-03-24 11:00;11;2302.105;1631.140;3933.245;19924;1088;842;1452
2017-03-24 12:00;12;7693.327;1685.228;9378.555;750030;2697;843;1405
2017-03-24 13:00;13;648499.692;19357.524;667857.216;1741030;186476;841;1050305
2017-03-24 14:00;14;60370.732;4687.998;65058.730;1148277;18030;837;26044
2017-03-24 15:00;15;105618.989;4476.363;110095.352;1431527;32700;777;104325
2017-03-24 16:00;16;104266.473;8765.852;113032.325;1244537;32505;811;175711
2017-03-24 17:00;17;49531.138;6428.621;55959.759;1974337;14914;842;27715
2017-03-24 18:00;18;5903.126;4031.046;9934.172;175297;2806;843;3520
2017-03-24 19:00;19;2872.971;3048.028;5920.999;10706;1658;843;2224
2017-03-24 20:00;20;2683.314;2786.730;5470.044;33205;1522;843;2169
2017-03-24 21:00;21;2450.777;2724.066;5174.843;9835;1440;843;2070
2017-03-24 22:00;22;2407.054;2703.935;5110.989;7219;1425;843;2136
2017-03-24 23:00;23;2839.685;2801.969;5641.654;41064;1560;842;2312
2017-03-25 00:00;0;2869.796;2894.109;5763.905;21974;1604;843;2418
2017-03-25 01:00;1;2626.922;2790.411;5417.333;26782;1512;843;2281
2017-03-25 02:00;2;2560.284;2767.194;5327.478;24486;1484;842;2146
2017-03-25 03:00;3;2354.481;2655.053;5009.534;10603;1392;844;1997
2017-03-25 04:00;4;2387.751;2676.633;5064.384;6648;1403;844;2054
2017-03-25 05:00;5;2478.991;2724.075;5203.066;7684;1449;842;2107
2017-03-25 06:00;6;2441.317;2791.072;5232.389;25418;1457;842;2084
2017-03-25 07:00;7;2503.942;2762.716;5266.658;9076;1459;843;2231
2017-03-25 08:00;8;2471.995;3009.283;5481.278;65526;1529;844;2124
2017-03-25 09:00;9;8035.060;3028.637;11063.697;1245178;3178;842;2137
2017-03-25 10:00;10;2433.421;2755.037;5188.458;9818;1439;843;2073
2017-03-25 11:00;11;2443.203;2734.650;5177.853;7904;1439;843;2138
2017-03-25 12:00;12;2630.692;2771.762;5402.454;45215;1505;842;2133
2017-03-25 13:00;13;2396.709;2701.367;5098.076;9918;1415;844;2068
2017-03-25 14:00;14;8083.043;2975.968;11059.011;793273;3175;843;2225
2017-03-25 15:00;15;2494.389;2399.552;4893.941;102269;1447;795;2148
2017-03-25 16:00;16;3027.675;2860.152;5887.827;51218;1615;844;2179
2017-03-25 17:00;17;2617.534;2927.395;5544.929;44113;1549;843;2136
2017-03-25 18:00;18;2636.496;2786.432;5422.928;52148;1508;843;2163
2017-03-25 19:00;19;2421.687;2503.245;4924.932;11214;1368;843;2096
2017-03-25 20:00;20;2014.733;1465.768;3480.501;6658;969;842;1394
2017-03-25 21:00;21;2020.514;1444.368;3464.882;12864;963;843;1393
2017-03-25 22:00;22;2034.301;1478.561;3512.862;5574;980;843;1418
2017-03-25 23:00;23;1994.965;1459.620;3454.585;6107;963;843;1381
2017-03-26 00:00;0;2010.603;1452.591;3463.194;5852;963;843;1417
2017-03-26 01:00;1;2125.540;1475.985;3601.525;25207;1006;843;1395
2017-03-26 02:00;2;1975.408;1432.925;3408.333;3577;947;844;1364
2017-03-26 03:00;3;2093.836;1492.077;3585.913;15570;1000;842;1393
2017-03-26 04:00;4;1996.329;1444.172;3440.501;4385;957;843;1387
2017-03-26 05:00;5;1987.627;1439.650;3427.277;4507;953;843;1380
2017-03-26 06:00;6;2000.597;1453.703;3454.300;4348;961;843;1381
2017-03-26 07:00;7;2019.470;1466.594;3486.064;5031;967;844;1390
2017-03-26 08:00;8;1988.912;1468.516;3457.428;4317;961;843;1394
2017-03-26 09:00;9;2030.892;1541.930;3572.822;8263;994;843;1391
2017-03-26 10:00;10;1947.168;1403.308;3350.476;4238;931;843;1375
2017-03-26 11:00;11;1998.789;1446.487;3445.276;4605;957;843;1382
2017-03-26 12:00;12;1982.524;1434.817;3417.341;3725;950;843;1380
2017-03-26 13:00;13;2015.404;1447.033;3462.437;4858;962;843;1392
2017-03-26 14:00;14;1992.256;1446.726;3438.982;3944;955;843;1382
2017-03-26 15:00;15;2025.415;1463.628;3489.043;5858;970;843;1395
2017-03-26 16:00;16;2202.421;1239.336;3441.757;133554;1153;700;1394
2017-03-26 17:00;17;2239.761;1247.437;3487.198;133547;1186;691;1419
2017-03-26 18:00;18;2024.198;1450.378;3474.576;4406;966;843;1394
2017-03-26 19:00;19;1985.251;1434.685;3419.936;3309;947;844;1374
2017-03-26 20:00;20;2009.772;1455.386;3465.158;4512;963;843;1384
2017-03-26 21:00;21;2006.372;1446.509;3452.881;5141;959;843;1378
2017-03-26 22:00;22;2015.031;1463.556;3478.587;7974;966;844;1394
2017-03-26 23:00;23;2014.769;1455.568;3470.337;6512;964;843;1392
2017-03-27 00:00;0;2266.953;1535.787;3802.740;21179;1062;843;1420
2017-03-27 01:00;1;2228.180;1245.600;3473.780;132599;1166;697;1431
2017-03-27 02:00;2;2031.982;1647.811;3679.793;48901;1027;843;1410
2017-03-27 03:00;3;1614.061;1172.784;2786.845;4762;949;680;1393
2017-03-27 04:00;4;2577.338;1512.519;4089.857;133927;1145;844;1406
2017-03-27 05:00;5;1973.920;1424.217;3398.137;4750;946;842;1381
2017-03-27 06:00;6;2006.539;1441.167;3447.706;6778;959;843;1393
2017-03-27 07:00;7;1983.124;1437.130;3420.254;6584;951;845;1382
2017-03-27 08:00;8;11352.830;1851.702;13204.532;130843;3765;842;3363
2017-03-27 09:00;9;2986.735;1607.816;4594.551;106853;1279;843;1436
2017-03-27 10:00;10;2219.125;1499.561;3718.686;48941;1037;844;1419
2017-03-27 11:00;11;3419.499;1577.027;4996.526;49306;1413;842;1522
2017-03-27 12:00;12;2939.408;1532.973;4472.381;39219;1256;842;1432
2017-03-27 13:00;13;2034.025;1483.825;3517.850;8648;979;842;1407
2017-03-27 14:00;14;2114.915;1456.430;3571.345;29003;994;842;1381
2017-03-27 15:00;15;2157.485;1487.191;3644.676;33532;1017;843;1393
2017-03-27 16:00;16;244788.877;9977.134;254766.011;1762882;69875;842;553656
2017-03-27 17:00;17;119398.463;5497.341;124895.804;860973;34258;842;183132
2017-03-27 18:00;18;2447.473;1959.976;4407.449;31846;1216;842;1902
2017-03-27 19:00;19;2029.214;1841.582;3870.796;9460;1075;842;1563
2017-03-27 20:00;20;2069.075;2146.913;4215.988;10553;1174;843;1775
2017-03-27 21:00;21;2291.604;2346.942;4638.546;39886;1293;843;1801
2017-03-27 22:00;22;2145.673;2103.133;4248.806;12915;1178;843;1722
2017-03-27 23:00;23;2115.533;1893.802;4009.335;9243;1112;843;1805
2017-03-28 00:00;0;2368.123;1728.926;4097.049;25931;1140;844;1655
2017-03-28 01:00;1;2048.117;1475.857;3523.974;8031;979;843;1401
2017-03-28 02:00;2;1989.913;1445.442;3435.355;7237;957;842;1387
2017-03-28 03:00;3;1966.291;1422.258;3388.549;4415;943;843;1376
2017-03-28 04:00;4;2018.925;1511.590;3530.515;46037;1035;843;1413
2017-03-28 05:00;5;1971.868;1441.330;3413.198;7475;949;843;1371
2017-03-28 06:00;6;2006.874;1454.808;3461.682;5529;964;842;1418
2017-03-28 07:00;7;2003.968;1458.857;3462.825;3891;960;843;1393
2017-03-28 08:00;8;2007.310;1444.928;3452.238;7313;958;843;1390
2017-03-28 09:00;9;1983.521;1432.064;3415.585;4667;948;844;1379
2017-03-28 10:00;10;1964.641;1424.423;3389.064;4083;942;842;1386
2017-03-28 11:00;11;1991.378;1458.254;3449.632;4062;959;843;1387
2017-03-28 12:00;12;2010.625;1464.276;3474.901;5708;965;844;1390
2017-03-28 13:00;13;2144.557;1205.968;3350.525;133030;1177;669;1392
2017-03-28 14:00;14;1995.610;1457.803;3453.413;7375;959;843;1378
2017-03-28 15:00;15;1992.746;1857.994;3850.740;103293;1078;843;1393
2017-03-28 16:00;16;2103.996;1439.748;3543.744;131271;1315;637;1433
2017-03-28 17:00;17;1993.406;1451.853;3445.259;5159;958;843;1390
2017-03-28 18:00;18;2112.055;1505.105;3617.160;12683;1007;844;1393
2017-03-28 19:00;19;2100.528;1508.156;3608.684;18851;1004;843;1391
2017-03-28 20:00;20;2120.450;1493.797;3614.247;18033;1006;842;1400
2017-03-28 21:00;21;2355.314;1467.526;3822.840;97182;1068;842;1391
2017-03-28 22:00;22;2085.136;1461.949;3547.085;21009;987;843;1391
2017-03-28 23:00;23;1986.489;1452.969;3439.458;6924;956;843;1391
2017-03-29 00:00;0;2060.705;1508.748;3569.453;6307;994;841;1433
2017-03-29 01:00;1;1986.098;1446.488;3432.586;6882;956;843;1377
2017-03-29 02:00;2;2287.362;1512.693;3800.055;45660;1064;843;1402
2017-03-29 03:00;3;1989.933;1444.173;3434.106;4059;955;843;1377
2017-03-29 04:00;4;1982.189;1438.227;3420.416;4221;952;843;1402
2017-03-29 05:00;5;1978.349;1460.784;3439.133;7281;957;842;1390
2017-03-29 06:00;6;1998.881;1453.939;3452.820;6537;959;843;1405
2017-03-29 07:00;7;2036.236;1462.392;3498.628;7692;974;844;1389
2017-03-29 08:00;8;2002.832;1464.654;3467.486;6406;964;842;1391
2017-03-29 09:00;9;2058.568;878.274;2936.842;131351;1864;362;2004
2017-03-29 10:00;10;2101.081;854.922;2956.003;133001;1650;423;1700
2017-03-29 11:00;11;8248.342;1432.237;9680.579;1261097;2979;774;1413
2017-03-29 12:00;12;5231.550;1671.933;6903.483;81926;1921;844;1518
2017-03-29 13:00;13;3117.111;3641.705;6758.816;115779;1890;843;2336
2017-03-29 14:00;14;27838.471;46021.903;73860.374;752790;20771;841;57303
2017-03-29 15:00;15;30379.278;4862.933;35242.211;439006;10747;780;47115
2017-03-29 16:00;16;7358.189;4824.968;12183.157;248836;3479;844;6628
2017-03-29 17:00;17;2280.283;2761.812;5042.095;10702;1402;843;2148
2017-03-29 18:00;18;18595.379;2185.868;20781.247;380027;5868;843;2498
2017-03-29 19:00;19;1954.894;1401.864;3356.758;2620;933;844;1378
2017-03-29 20:00;20;1938.627;1394.927;3333.554;4768;928;843;1357
2017-03-29 21:00;21;2892.919;1433.200;4326.119;131314;1222;841;1380
2017-03-29 22:00;22;5749.701;1679.080;7428.781;132510;2076;837;2900
2017-03-29 23:00;23;3650.200;3637.770;7287.970;188981;2060;838;1615
2017-03-30 00:00;0;2157.715;1542.590;3700.305;23091;1035;839;1445
2017-03-30 01:00;1;2041.520;1494.617;3536.137;5089;981;844;1421
2017-03-30 02:00;2;1140.012;1634.850;2774.862;38595;908;671;1490
2017-03-30 03:00;3;39.818;1220.499;1260.317;2610;470;519;894
2017-03-30 04:00;4;17.291;1275.372;1292.663;2665;487;520;975
2017-03-30 05:00;5;17.258;1276.145;1293.403;2482;490;519;947
2017-03-30 06:00;6;24.717;1325.298;1350.015;2999;506;529;1087
2017-03-30 07:00;7;18.566;1327.705;1346.271;2479;488;543;1056
2017-03-30 08:00;8;27.225;1658.893;1686.118;2383;589;607;1293
